imdb_id,pct_wht,us_gross
tt2488496,0.545454545,936662225
tt0499549,0.461538462,760507625
tt0120338,0.882352941,659325379
tt0848228,0.866666667,623357910
tt0468569,0.71875,534858444
tt0120915,0.666666667,474544677
tt1345836,0.769230769,448139099
tt0298148,0.714285714,436471036
tt0383574,0.833333333,423315812
tt0435761,0.933333333,415004880
tt1392170,0.8,408010692
tt0107290,0.727272727,402453882
tt2294629,0,400738009
tt0266543,0.882352941,380843261
tt0121766,0.75,380262555
tt0167260,0.846153846,377845905
tt0316654,0.6,373585825
tt1690953,0.363636364,368061265
tt2096673,0.75,356461711
tt2179136,0.818181818,350126372
tt0167261,0.866666667,342551365
tt1014759,1,334191110
tt0109830,0.666666667,330252182
tt0076759,0.666666667,322740140
tt0413267,0.727272727,320706665
tt0120737,0.857142857,315544750
tt0110357,0.5,312900000
tt0121765,0.636363636,310675583
tt0449088,0.727272727,309420425
tt0086190,0.666666667,309125409
tt0116629,0.692307692,306169268
tt0325980,0.875,305413918
tt0417741,0.928571429,301959197
tt1325004,1,300531751
tt1259571,0.647058824,296623634
tt0167404,0.625,293506292
tt1049413,0.8,293004164
tt1375666,0.666666667,292576195
tt0363771,0.833333333,291709845
tt0080684,0.6,290475067
tt0330373,0.913043478,290013036
tt0198781,0.8,289916256
tt0099785,1,285761243
tt1454468,1,274092705
tt1453405,0.75,268492764
tt0126029,0.666666667,267665011
tt0295297,0.894736842,261988482
tt0317705,0.777777778,261441092
tt0073195,0.75,260000000
tt1490017,0.75,257760692
tt0480249,0,256386216
tt0878804,0.75,255959475
tt1323594,0.666666667,251513985
tt0096895,0.833333333,251188924
tt0119654,0.857142857,250690539
tt0304141,0.904761905,249358727
tt0082971,0.857142857,248159971
tt0315327,0.6,242829261
tt0117998,1,241721524
tt0259446,0.777777778,241438208
tt1587310,0.888888889,241410378
tt0087332,0.875,238632124
tt0407304,1,234280354
tt0162222,1,233632142
tt0119567,0.9,229086679
tt3659388,0.666666667,228433663
tt0286106,0.833333333,227966634
tt0440963,1,227471070
tt0266915,0.125,226164286
tt0465234,0.888888889,219964115
tt0101414,0.8,218967620
tt1637725,0.916666667,218815487
tt0099653,0.714285714,217631306
tt0892769,0.875,217581231
tt0120815,0.857142857,216540909
tt0441773,0.5,215434591
tt0120755,0.777777778,215409889
tt0290334,0.909090909,214949694
tt1482459,0.75,214030500
tt0416449,0.75,210614939
tt0088763,1,210609762
tt0396269,0.909090909,209218368
tt0988045,1,209028679
tt0382932,0.818181818,206445654
tt0145660,0.833333333,206040086
tt0103064,0.666666667,204843350
tt0816711,0.75,202359711
tt0120591,0.916666667,201573391
tt0213149,0.7,198542554
tt0366548,1,198000317
tt0097576,0.555555556,197171806
tt1099212,0.705882353,192769854
tt0114709,0.9,191796233
tt2294449,0.8,191719337
tt1216475,0.733333333,191452396
tt1772341,0.714285714,189422889
tt0816692,0.923076923,188020017
tt0172495,0.727272727,187705427
tt0481499,1,187168425
tt0356910,0.833333333,186336279
tt0099348,0.571428571,184208848
tt0112462,0.8,184031112
tt0106977,0.8125,183875760
tt1663202,1,183637894
tt0240772,0.846153846,183417150
tt0443272,0.75,182207973
tt0119528,0.777777778,181410615
tt0163025,1,181171875
tt0800369,0.8125,181030624
tt0117060,0.769230769,180981856
tt0458525,0.888888889,179883157
tt0087469,0.833333333,179870271
tt0092099,1,179800601
tt0386588,0.333333333,179495555
tt0100405,1,178406268
tt0084805,0.875,177200000
tt1646971,0.727272727,177002924
tt1318514,0.75,176760185
tt0458339,0.714285714,176654505
tt0129387,0.733333333,176484651
tt0372183,1,176241941
tt0319343,0.8,173398518
tt0368891,1,173008894
tt0118571,0.9375,172956409
tt0133093,0.4,171479930
tt1403865,0.75,171243005
tt0120855,1,171091819
tt0268978,1,170742341
tt1454029,0.75,169708112
tt1478338,0.818181818,169106725
tt0486946,0.615384615,168273550
tt0094137,0.666666667,167780960
tt2267998,0.818181818,167767189
tt1190080,0.5625,166112167
tt0102798,1,165500000
tt0212985,0.6,165092268
tt0264464,1,164615351
tt1041829,1,163958031
tt0800320,1,163214888
tt0103776,0.857142857,162831698
tt1398426,0.222222222,161197785
tt0070735,0.666666667,159600000
tt0120903,0.666666667,157299717
tt0096438,0.833333333,156452370
tt0161081,0.857142857,155464351
tt0120616,0.8,155247825
tt0120667,0.833333333,154696080
tt0116695,0.785714286,153952592
tt0267913,0.833333333,153288182
tt1000774,0.8125,152647258
tt1046173,0.666666667,152267519
tt0163187,0.866666667,152257509
tt1528854,1,150357137
tt1800241,1,150117807
tt1707386,1,148809770
tt0478311,0.823529412,148768917
tt0119822,0.8,148478011
tt0415306,0.888888889,148213377
tt0087363,0.666666667,148170000
tt1205489,0.818181818,148095302
tt0111503,0.875,146282411
tt0936501,0.8,145000989
tt1343092,0.857142857,144840419
tt0343818,0.833333333,144801023
tt0232500,0.625,144533925
tt0467406,0.833333333,143495265
tt0822832,0.866666667,143153751
tt0472181,0.777777778,142614158
tt0295701,0.5,142109382
tt0061852,1,141843612
tt0114148,0.714285714,141600000
tt0104257,0.733333333,141340178
tt1010048,0.142857143,141319928
tt0120812,0.375,141153686
tt0185937,1,140539099
tt0164912,0.857142857,140035367
tt0073629,0.666666667,139876417
tt1397280,0.8,139854287
tt0105417,0.4,139610000
tt0091763,0.533333333,138530565
tt0119217,1,138433435
tt0389860,0.857142857,137355633
tt0120689,0.714285714,136801374
tt0117438,0.8,136492681
tt1024648,0.888888889,136025503
tt0068646,0.6,134966411
tt0800080,0.8,134518390
tt0493464,0.714285714,134508551
tt2024432,0.833333333,134506920
tt0117500,0.866666667,134069511
tt0332452,0.8,133378256
tt0808151,0.888888889,133375846
tt1430132,0.142857143,132556852
tt0407887,0.857142857,132384315
tt0181689,0.882352941,132072926
tt0102926,0.8,130742922
tt0109813,0.833333333,130512915
tt0122151,0.375,130444603
tt0765429,0.529411765,130164645
tt0169547,1,130096601
tt0084434,0.818181818,129795552
tt0298130,0.75,129128133
tt0094898,0.125,128152300
tt2180411,0.9,128002372
tt0421715,0.583333333,127509326
tt0109686,0.857142857,127175354
tt0119738,1,127120029
tt1650062,0.846153846,127004179
tt0143145,1,126943684
tt0076729,0.5,126737428
tt2872732,0.666666667,126663600
tt0389790,0.833333333,126631277
tt0108160,1,126533006
tt1446714,0.666666667,126477084
tt1599348,0.714285714,126373434
tt0120382,1,125618201
tt0195685,0.916666667,125595205
tt0349903,0.875,125544280
tt0120347,0.857142857,125332007
tt0438488,0.777777778,125322469
tt0160127,0.857142857,125305545
tt1091191,0.75,125095601
tt0084602,0.5,125049125
tt0454876,0.5,124987023
tt2582846,0.9,124872350
tt0844471,0.666666667,124870275
tt0458352,0.8,124740460
tt0337741,0.75,124728738
tt0181865,0.375,124115725
tt0109444,0.875,122187717
tt0099810,0.722222222,122012643
tt0103855,0.636363636,121945720
tt0258463,0.909090909,121661683
tt0829482,0.888888889,121463226
tt0120762,0.230769231,120620254
tt0110475,0.666666667,119938730
tt1985966,0.625,119793567
tt0102057,0.9,119654823
tt0071230,0.875,119500000
tt0100802,0.7,119394840
tt0082846,1,119285432
tt1386588,0.692307692,119219978
tt0445934,1,118594548
tt0096874,1,118500000
tt0944835,0.833333333,118311368
tt0103772,0.857142857,117727000
tt0099423,0.692307692,117540947
tt1499658,0.8,117538559
tt0075148,0.454545455,117235247
tt0993846,0.8125,116900694
tt1327773,0.25,116632095
tt1133985,0.833333333,116601172
tt0125439,1,116089678
tt0128853,0.833333333,115821495
tt0069704,0.833333333,115000000
tt0094737,1,114968774
tt0368447,1,114197520
tt0120891,0.5,113805681
tt0101272,0.777777778,113502000
tt0395699,1,113086868
tt1230414,0.916666667,112735375
tt0097428,0.875,112494738
tt0119094,0.8,112225777
tt0096320,0.875,111936400
tt0120660,0.764705882,111549836
tt0097757,0.777777778,111543479
tt0325710,0.625,111110575
tt0942385,0.7,110515313
tt0817230,0.833333333,110485654
tt0391198,0.625,110359362
tt0369441,1,110332737
tt0092007,0.636363636,109713132
tt0405422,0.888888889,109449237
tt0265086,0.782608696,108638745
tt0086425,0.833333333,108423489
tt0081573,0.9,108185706
tt0110912,0.666666667,107928762
tt0409459,0.727272727,107509799
tt0118688,0.818181818,107325195
tt1535109,0.666666667,107100855
tt0947798,0.8,106954678
tt0122933,0.714285714,106885658
tt0113189,0.8,106600000
tt0079417,1,106260000
tt0317740,0.888888889,106128601
tt0110148,0.888888889,105264608
tt0061722,0.833333333,104945305
tt1446192,0.857142857,103412758
tt0080319,1,103290500
tt1320253,0.636363636,103068524
tt0117571,0.857142857,103046663
tt0077766,0.818181818,102922376
tt0144214,0.666666667,102705852
tt0338751,1,102608827
tt0163651,0.625,102561004
tt1568346,0.928571429,102515793
tt0859163,0.8,102491776
tt1790864,0.666666667,102427862
tt0107206,0.875,102314283
tt0076095,0.666666667,102000000
tt1663662,0.6,101802906
tt0187078,0.909090909,101648571
tt0110478,0.571428571,101631272
tt0455944,0.714285714,101530738
tt0120082,0.692307692,101363301
tt1959490,1,101200044
tt0105695,0.888888889,101157447
tt1059786,1,101111837
tt0162661,1,101071502
tt0369339,0.538461538,101005703
tt0107798,0.777777778,100768056
tt0259711,1,100614858
tt0405159,0.555555556,100492203
tt0138097,1,100317794
tt1284575,1,100292856
tt0409847,0.666666667,100240551
tt0116583,1,100138851
tt0114369,0.727272727,100125643
tt0112864,0.5,100012499
tt0119282,0.777777778,99046791
tt1279935,1,98711404
tt1068680,0.857142857,97690976
tt1152836,0.857142857,97104620
tt1285016,0.882352941,96962694
tt0230600,1,96522687
tt0250494,0.769230769,96520674
tt0258000,0.857142857,96397334
tt0108052,1,96067179
tt0097165,0.9,95860116
tt1790885,0.7,95720716
tt0159365,0.954545455,95636509
tt0082031,0.75,95461682
tt0217869,0.5,95011339
tt0453562,0.772727273,95001343
tt1037705,0.909090909,94835059
tt1001508,0.846153846,93953653
tt0311113,0.857142857,93927920
tt1907668,0.692307692,93772375
tt0964517,1,93617009
tt0825232,0.285714286,93466502
tt0289765,0.888888889,93149898
tt1535108,0.7,93050117
tt0098635,0.714285714,92823600
tt0840361,1,92186262
tt0109446,0.909090909,92115211
tt0117731,0.666666667,92001027
tt1929263,0.875,91443253
tt0171363,1,91411151
tt0112740,0.75,91400000
tt0120686,0.75,91137662
tt0206275,0.142857143,91057006
tt0087538,0.714285714,90815558
tt0473075,1,90759676
tt0120587,0.5,90757863
tt0186566,0.909090909,90464773
tt0117705,0.636363636,90463534
tt0086465,0.857142857,90404800
tt0327056,0.846153846,90135191
tt1340138,0.875,89760956
tt0408790,0.8,89707299
tt0101862,0.875,89325780
tt0134084,0.75,89138076
tt1483013,0.75,89021735
tt1142988,0.909090909,88915214
tt0104389,0.666666667,88036683
tt0099088,0.857142857,87727583
tt0137494,0.666666667,87704396
tt0910936,0.538461538,87341380
tt0102510,0.833333333,86930411
tt0072431,0.714285714,86300000
tt2096672,0.75,86208010
tt0377092,0.7,86058055
tt2713180,0.666666667,85817906
tt0190641,0.666666667,85744662
tt0357413,0.888888889,85288303
tt0079817,0.571428571,85182160
tt0090605,0.8,85160248
tt0069113,0.909090909,84563118
tt1570728,0.8,84351197
tt0106582,0.75,84049211
tt0120902,1,83898313
tt1193138,0.777777778,83823381
tt2226417,0.7,83586447
tt0078788,0.666666667,83471511
tt0080339,0.875,83400000
tt2140373,0.9,83301580
tt0985699,1,83077833
tt0388795,1,83043761
tt0095016,0.666666667,83008852
tt0099371,1,82670733
tt0329101,0.75,82622655
tt1033575,0.909090909,82584160
tt0103874,0.875,82522790
tt0101921,0.75,82418501
tt0187738,0.6,82348319
tt0079945,0.666666667,82258456
tt0442933,0.909090909,82161969
tt0066026,0.875,81600000
tt0477080,0.666666667,81562942
tt0120784,0.9,81526121
tt0134119,1,81298265
tt0332379,0.75,81261177
tt0093565,0.9,80640528
tt0324216,1,80571655
tt0120888,0.875,80245725
tt0486822,0.666666667,80209692
tt0489099,1,80172128
tt0790724,0.818181818,80070736
tt1060277,0.428571429,80048433
tt1568911,0.933333333,79884879
tt0970416,0.75,79366978
tt1219289,0.818181818,79249455
tt0101540,0.875,79100000
tt0084726,0.75,78912963
tt0078748,0.857142857,78900000
tt0083511,0.6875,78868508
tt2120120,1,78747585
tt0116209,0.555555556,78651430
tt0212720,0.888888889,78616689
tt0328107,0.666666667,77911774
tt0101393,0.928571429,77868585
tt0217505,0.833333333,77812000
tt0983193,0.888888889,77591831
tt0107818,0.636363636,77324422
tt0386117,0.75,77233467
tt0429493,1,77222099
tt0139654,0.333333333,76631907
tt0088170,0.642857143,76471046
tt1013743,0.9,76423035
tt0118883,0.75,75982834
tt0360486,0.636363636,75976178
tt0218967,0.882352941,75793305
tt0411477,0.75,75754670
tt0111280,0.6875,75668868
tt1272878,0.571428571,75612460
tt1210166,0.75,75605492
tt0112573,0.818181818,75600000
tt0302886,1,75585093
tt0146838,0.722222222,75530832
tt0104691,0.5,75505856
tt0119314,1,75383563
tt0327597,0.333333333,75286229
tt0107688,0.6,75082668
tt0102975,0.666666667,74888996
tt0477348,0.692307692,74283625
tt0094721,0.916666667,73707461
tt0079367,0.583333333,73691419
tt0385880,0.888888889,73661010
tt1197624,0.666666667,73343413
tt0164052,0.875,73209340
tt2334879,1,73103784
tt0427152,1,73026337
tt0119345,1,72586134
tt3682448,1,72313754
tt0443274,0.7,72266306
tt0109040,0.714285714,72217000
tt0113161,0.666666667,72077000
tt0450385,0.75,71985628
tt0251160,0.6,71756802
tt0177789,0.666666667,71583916
tt0112579,0.8,71516617
tt0241303,0.7,71509363
tt0375063,0.555555556,71503593
tt0097958,0.923076923,71320000
tt0257106,0.769230769,71308997
tt2017020,0.6,71017784
tt0099141,1,70980000
tt0107048,1,70906973
tt0115759,0.7,70770147
tt1411238,1,70662220
tt0074119,0.727272727,70600000
tt0434409,0.9,70511035
tt0469641,0.6,70278893
tt0479143,0.454545455,70270943
tt1596363,0.666666667,70259870
tt0091042,1,70136369
tt0120844,0.636363636,70117571
tt0266697,0.375,70099045
tt0120611,0.6,70087718
tt0096969,1,70001698
tt0081375,0.9,69847348
tt0244244,0.714285714,69772969
tt0120738,0.888888889,69117629
tt0087957,0,68392977
tt1198138,0.75,68261644
tt0086034,0.875,67900000
tt1243957,0.857142857,67631157
tt1758830,0.941176471,67544505
tt0113277,0.642857143,67436818
tt0311289,0.833333333,67406573
tt0278504,0.846153846,67355513
tt0080549,1,67182787
tt1038919,0.875,67061228
tt0146675,0.714285714,66889043
tt0098554,1,66758538
tt1276104,0.8,66486205
tt0378194,0.6,66208183
tt0368008,0.666666667,65955630
tt0112442,0.5,65807024
tt0093409,0.375,65207127
tt1528100,0.714285714,65014513
tt0758746,0.909090909,65002019
tt1981677,0.8,65001093
tt0112346,0.764705882,65000000
tt0243585,0.875,64956806
tt0119488,1,64616940
tt1706593,0.625,64575175
tt0097351,0.625,64431625
tt0974661,0.846153846,64167069
tt0453467,0.666666667,64038616
tt0096463,0.875,64000000
tt0123964,0.25,63844974
tt0094332,1,63766510
tt0119116,0.545454545,63540020
tt0086200,0.9,63500000
tt0430357,0.4,63450470
tt0890870,0.571428571,63300095
tt0106673,0.888888889,63270710
tt0800039,1,63172463
tt0963966,0.8,63150991
tt0115641,1,63071133
tt0104036,0.625,62549000
tt1385826,0.9,62495645
tt0082398,0.75,62300000
tt0090966,0.5,62134225
tt0780653,0.8,61979680
tt0079100,0.666666667,61801971
tt0120053,1,61363304
tt0209958,0.818181818,61334059
tt0100157,1,61276872
tt1392214,0.666666667,61002302
tt0118971,0.857142857,60984028
tt1226229,0.4,60974475
tt0183523,0.777777778,60883407
tt0120188,0.5,60652036
tt0887883,1,60355347
tt0115798,1,60240295
tt0307987,0.666666667,60060328
tt0343737,0.777777778,59952835
tt0086393,0.909090909,59950623
tt0449059,0.9,59891098
tt0102492,1,59847242
tt0093773,0.25,59735548
tt1028576,0.833333333,59713955
tt0348836,0.625,59694580
tt0167190,1,59623958
tt0102266,0.636363636,59509925
tt2278388,0.8,59100318
tt0115956,0.545454545,59031057
tt1067583,0.857142857,58709717
tt0098273,0.857142857,58571513
tt0118617,0.666666667,58406347
tt1282140,1,58401464
tt0373883,1,58272029
tt0359950,0.875,58236838
tt0248667,0.214285714,58203105
tt1189340,0.611111111,58009200
tt0289879,0.846153846,57938693
tt0118799,0.333333333,57598247
tt0124315,0.785714286,57545092
tt0101507,0,57504069
tt0397535,0.2,57490508
tt0098084,1,57469179
tt0450259,0.5,57366262
tt0195945,0.090909091,57328603
tt0071562,0.8125,57300000
tt0096446,0.555555556,57269863
tt0114746,0.888888889,57141459
tt0105699,0.25,57138719
tt0094715,0.5,57041866
tt0120744,1,56968902
tt0062622,0.714285714,56954992
tt1605783,1,56816662
tt0120633,1,56702901
tt0268695,0.714285714,56684819
tt2024544,0.555555556,56671993
tt0112697,0.666666667,56631572
tt0116253,0.666666667,56569216
tt0108358,0.933333333,56505065
tt2446980,0.75,56451232
tt0436697,1,56441711
tt0099487,0.888888889,56362352
tt0829150,0.555555556,56280355
tt0117381,0.714285714,56116183
tt1623288,0.75,56003051
tt0387564,0.7,56000369
tt1632708,1,55802754
tt0120663,1,55691208
tt0120832,0.615384615,55585389
tt0151738,0.769230769,55474756
tt0103644,0.8,55473600
tt1464540,1,55100437
tt0120694,0.6,55041738
tt0120177,0.428571429,54967359
tt0120201,1,54814377
tt0081283,0.833333333,54800000
tt0945513,0.857142857,54712227
tt0375679,0.4,54580300
tt0096754,0.916666667,54461047
tt2170439,1,54445357
tt2980648,0,54240821
tt0093378,0.2,54215416
tt0453556,0.7,54149098
tt0414982,0.833333333,54098051
tt1591095,0.625,54009150
tt0084855,0.75,54000000
tt0108333,0.875,53898845
tt0118655,0.7,53883989
tt0117918,0.571428571,53854588
tt0381849,1,53606916
tt0195714,0.625,53331147
tt0482571,1,53089891
tt0221027,0.75,52990775
tt0104952,0.75,52929168
tt0408236,1,52898073
tt0292506,1,52802140
tt0083987,1,52767889
tt1798684,0.545454545,52421953
tt0359013,0.666666667,52411906
tt0265666,0.8,52364010
tt0092005,0.777777778,52287414
tt0098382,0.818181818,52210049
tt0309698,0.875,52159536
tt0099077,0.8,52096475
tt1020072,0.315789474,52076908
tt1424381,0.571428571,52000688
tt0086879,0.916666667,51973029
tt1201167,0.75,51855045
tt0067116,0.833333333,51700000
tt0053285,0.6,51600000
tt1601913,0.833333333,51580136
tt1179891,0.714285714,51545952
tt0105435,0.733333333,51433000
tt0092699,0.9,51249404
tt0118055,0.875,51088705
tt0371724,0.8125,51085416
tt0075223,0.714285714,51079064
tt0783233,0.916666667,50927067
tt0094812,1,50888729
tt1204977,0.5,50856010
tt0787474,0.625,50837305
tt0365737,0.631578947,50824620
tt0061418,0.625,50700000
tt0109506,0.7,50693162
tt0120751,0.636363636,50632037
tt0089155,1,50612888
tt0272152,0.615384615,50338485
tt0240890,1,50294317
tt1231587,0.857142857,50287556
tt0110632,0.75,50282766
tt0118771,0.833333333,50129186
tt0107362,0.666666667,50016394
tt0118548,0.636363636,50007168
tt0072890,0.833333333,50000000
tt1980209,0.6,49875291
tt0097815,0.909090909,49797148
tt0073692,1,49407734
tt0095742,0.666666667,49369899
tt0465538,1,49033882
tt0077416,1,48979328
tt1826590,0.285714286,48637684
tt0119174,0.875,48323648
tt0104797,0.222222222,48169908
tt0119173,0.727272727,48169156
tt1922777,1,48086903
tt1250777,0.769230769,48071303
tt0105414,1,47922919
tt0118583,0.888888889,47748610
tt0068762,0.8,47742000
tt0431197,0.8,47536778
tt0099739,1,47410000
tt0408306,0.736842105,47403685
tt0929632,0.1,47395661
tt0035423,0.8,47121859
tt1872194,0.9,47119388
tt0077651,1,47000000
tt0309593,0.785714286,46961214
tt3397884,0.444444444,46889293
tt0099685,0.857142857,46836394
tt0102803,1,46704056
tt0120791,0.857142857,46683377
tt0104114,0.5,46666502
tt0183649,0.625,46566212
tt1430607,1,46462469
tt1412386,0.75,46412041
tt0093058,0.571428571,46357676
tt0117509,0.666666667,46351345
tt0096933,1,46212055
tt0068473,0.8,46122355
tt0107497,1,46044636
tt1321870,0.916666667,46000903
tt0088847,1,45875171
tt0351977,0.714285714,45860039
tt0086250,0.727272727,45598982
tt0085750,0.833333333,45517055
tt0190590,0.888888889,45512588
tt1748122,0.846153846,45512466
tt0385267,0.916666667,45489752
tt0103074,1,45361000
tt0118689,0.75,45319423
tt0289043,0.857142857,45064915
tt0480687,0.833333333,45060734
tt1895587,0.933333333,45055776
tt0186151,0.888888889,45010278
tt1385867,0.75,44875481
tt0093629,0.769230769,44793222
tt0064665,1,44785053
tt0191397,0.333333333,44737059
tt0070355,0.5,44680473
tt0119643,1,44619100
tt0335266,1,44585453
tt0383010,0.75,44338224
tt2170593,0.875,44134898
tt0081505,0.888888889,44017374
tt0081480,0.5,43995918
tt0811080,0.736842105,43945766
tt0094291,0.846153846,43848100
tt1045778,0.75,43337279
tt1226273,0.818181818,43313890
tt0253754,0.7,43254409
tt0102685,1,43218387
tt0114388,0.928571429,43182776
tt0120885,0.928571429,43022524
tt0079116,1,43000000
tt0068327,1,42765000
tt1321509,0.285714286,42739347
tt0385726,0.533333333,42643187
tt1855325,0.666666667,42345531
tt2562232,1,42340598
tt1127180,0.571428571,42100625
tt1259521,0.875,42073277
tt0371246,0.7,42044321
tt1411250,0.666666667,42025135
tt0119008,1,41909762
tt0101889,0.857142857,41895491
tt0245674,0.5,41867960
tt0204313,1,41821986
tt0758730,0.928571429,41797066
tt0454841,0.888888889,41778863
tt0122690,1,41616262
tt1148204,0.857142857,41596251
tt0073802,0.714285714,41509797
tt0099700,0.888888889,41482207
tt0095253,0.875,41455230
tt0091738,0.666666667,41382841
tt0280707,0.904761905,41308615
tt0117057,1,41252428
tt0281358,0.666666667,41227069
tt1855199,0.25,41003371
tt0310910,0.625,41000000
tt0133952,0.75,40981289
tt1124035,0.75,40962534
tt0100507,0.4,40946358
tt0185371,0.833333333,40846082
tt0467197,0.666666667,40689393
tt0120789,0.916666667,40568025
tt0277027,0.909090909,40311852
tt0993842,0.9,40259119
tt0469494,0.888888889,40222514
tt0327554,0.428571429,40202379
tt1038686,0.769230769,40168080
tt0107822,1,40158000
tt0420223,0.75,40137776
tt0120804,0.5,40119709
tt0091167,0.857142857,40084041
tt0233469,0.571428571,40077257
tt0133751,0.714285714,40064955
tt0278435,0.727272727,40007742
tt0130018,0.666666667,40002112
tt0443543,1,39868642
tt0080487,0.818181818,39846344
tt0335245,0.5,39799191
tt0163978,0.875,39785027
tt0080761,1,39754601
tt0119396,0.615384615,39673162
tt0389722,0.9,39568996
tt0185431,0.857142857,39464775
tt1263670,1,39462438
tt1126591,0.923076923,39440655
tt0758774,0.7,39394666
tt0134847,0.857142857,39240659
tt0075686,1,39200000
tt0455407,1,39123589
tt0488120,0.777777778,39015018
tt0116409,0.571428571,38619405
tt0986263,0.625,38577772
tt1336608,0.777777778,38518613
tt0091875,0.5,38500726
tt0086927,0.875,38435947
tt0414387,1,38405088
tt0088247,0.875,38400000
tt0087062,0.666666667,38348988
tt0139134,0.777777778,38328567
tt2381111,1,38317535
tt0147800,0.727272727,38176108
tt0094012,1,38119483
tt1186367,0.166666667,38105077
tt0146336,0.888888889,38072438
tt0101669,1,38016380
tt2305051,0.823529412,37880356
tt0113820,0.785714286,37804616
tt0090060,0.888888889,37803872
tt0116996,0.705882353,37771017
tt0174480,0.9,37761915
tt1322269,0.846153846,37738503
tt1405500,0,37721949
tt2431286,0.909090909,37707719
tt0457430,0.571428571,37634615
tt0120780,0.4,37562568
tt1637688,1,37520095
tt1057500,0.625,37491364
tt1212436,0.571428571,37490007
tt1092026,0.777777778,37412945
tt1212450,1,37400127
tt1265990,0.6,37300107
tt0191754,0.875,37170488
tt1488555,0.9,37081475
tt0120184,0.714285714,37020277
tt0106519,0.545454545,36948322
tt2404311,1,36918811
tt0325805,1,36906460
tt0476964,0.857142857,36793804
tt0047396,1,36764313
tt0068638,0.5,36734619
tt0083972,0.5,36690067
tt1657507,0.5,36665854
tt0134273,1,36663315
tt0120863,1,36400491
tt0247425,0.857142857,35930604
tt2980516,0.909090909,35893537
tt0399201,1,35818913
tt0265349,1,35746370
tt0824747,1,35739802
tt0301470,0.666666667,35667218
tt0475394,0.611111111,35662731
tt1583420,0.529411765,35608245
tt1440728,1,35606376
tt0206634,0.777777778,35552383
tt0267891,0.6,35424335
tt3181822,0.5,35385560
tt0070328,0.571428571,35377836
tt0138524,0.888888889,35327628
tt1142977,0.857142857,35291068
tt1939659,0.909090909,35266619
tt0481369,0.8,35193167
tt0101761,1,35183792
tt3332064,1,35088320
tt0780504,0.857142857,35060689
tt0947810,0.8,35053660
tt1306980,0.75,35014192
tt0077928,0.833333333,35000000
tt0095963,0.571428571,34994648
tt0452625,0.6,34925283
tt0101917,0.333333333,34872033
tt0086154,0.8,34725000
tt0113492,0.733333333,34693481
tt0340163,0.777777778,34639939
tt0306685,0.090909091,34604054
tt0146309,0.928571429,34592089
tt0125664,0.785714286,34580635
tt0338013,1,34400301
tt0328099,0.357142857,34308901
tt0449467,0.666666667,34302837
tt0976051,1,34194407
tt0120004,0.833333333,33956608
tt0881891,0.692307692,33860010
tt0285531,1,33715436
tt0101635,0.833333333,33691313
tt0330793,1,33682273
tt2039393,0.666666667,33631221
tt0418689,0.727272727,33602376
tt0839980,0.636363636,33472850
tt0918927,0.75,33422556
tt2334873,1,33405481
tt0063442,0.6,33395426
tt0116908,0.888888889,33328051
tt1130080,0.888888889,33313582
tt2404425,0.769230769,33305037
tt0090022,0.8,33200000
tt0443706,0.923076923,33080084
tt0219653,0.666666667,33022767
tt0084827,1,33000000
tt0388125,0.875,32880591
tt0372588,1,32774834
tt1212419,0.923076923,32746941
tt0122459,0.9,32662299
tt0253474,0.857142857,32572577
tt0181875,1,32534850
tt0108037,0.692307692,32416586
tt1234548,1,32416109
tt1022603,0.818181818,32391374
tt2872718,0.666666667,32381218
tt0758752,0.8,32367005
tt0093437,1,32222567
tt0289848,0.666666667,32122249
tt0397065,1,32064800
tt0112722,1,32051917
tt0337921,1,32003620
tt3622592,0.571428571,32000304
tt0054215,0.625,32000000
tt0119664,0.5,31987563
tt0113627,1,31968347
tt1013753,1,31841299
tt0465580,0.666666667,31806100
tt0075029,0.7,31800000
tt0139414,0.625,31770414
tt0372532,1,31726995
tt0815236,0.888888889,31584722
tt0433383,0.888888889,31501218
tt0446029,0.642857143,31494270
tt0399146,1,31493782
tt0981227,0.833333333,31487293
tt0285742,0.6,31252964
tt0082474,1,31206251
tt1226753,0.8,31177548
tt0107808,0.692307692,31160784
tt0087182,0.833333333,30925690
tt0093779,0.8,30857814
tt2172934,0.666666667,30697999
tt0790686,0.636363636,30691439
tt0100403,0.428571429,30669413
tt2387559,1,30664106
tt0120655,0.818181818,30651422
tt2883512,0.666666667,30640336
tt2377322,0.714285714,30577122
tt0082010,1,30565292
tt2473602,0.375,30513940
tt0220506,0.555555556,30354442
tt0208092,0.642857143,30328156
tt0120770,0.909090909,30324946
tt0112401,0.8,30306268
tt1341188,0.777777778,30212620
tt0078841,1,30177511
tt0288477,0.8,30113491
tt0433362,0.875,30101577
tt0127536,0.9,30082699
tt0261392,0.88,30059386
tt0107843,0.833333333,30038362
tt1007029,1,30017992
tt0047673,0.833333333,30000000
tt0089686,1,29999213
tt0070666,1,29800000
tt0120890,0.785714286,29753944
tt0132347,0.714285714,29655590
tt0071315,0.857142857,29200000
tt0822847,0.75,29136626
tt0472399,1,29121498
tt0294870,0.25,29077547
tt0140352,0.833333333,28965197
tt0379725,0.8,28747570
tt0101694,0.833333333,28738096
tt0088172,0.8,28700000
tt0880578,1,28687835
tt1034303,0.866666667,28644813
tt0463854,0.5,28638916
tt0498399,0.818181818,28563179
tt0765010,0.8,28501651
tt0780571,0.857142857,28476219
tt0111161,0.888888889,28341469
tt0075314,0.9,28262574
tt0419706,0.666666667,28031250
tt0119229,0.75,28014536
tt0100477,0.8,27931461
tt0479884,0.5,27829874
tt0268995,0.833333333,27807266
tt0119051,0.75,27779888
tt2388715,0.8,27695246
tt0367959,0.6,27670986
tt0116654,0.5,27663982
tt0097216,0.25,27545445
tt0100133,0.923076923,27441977
tt0199725,0,27441122
tt0114011,1,27400000
tt0790636,1,27298285
tt1781922,0.833333333,27285953
tt0146882,0.909090909,27277055
tt1210042,0.555555556,27154426
tt1371111,0.642857143,27108272
tt0080745,0.714285714,27107960
tt0083929,0.9,27092880
tt0083658,0.727272727,27000000
tt1979320,1,26947624
tt0479968,0.857142857,26876529
tt0368709,0.6,26838389
tt0097441,0.583333333,26830000
tt0467200,1,26814957
tt0333766,0.75,26782316
tt0119081,0.625,26673242
tt0066921,0.6,26589355
tt0118604,1,26570463
tt0264395,0.666666667,26536120
tt0124298,0.818181818,26494611
tt2199571,1,26442251
tt0421073,0.4,26415649
tt0118749,0.727272727,26400640
tt1125849,0.714285714,26236603
tt0309377,0.4,26199517
tt0266465,0.5,26183197
tt0082763,0.833333333,26154211
tt0099871,0.7,26118851
tt0435625,0.833333333,26024456
tt0080678,0.777777778,26010864
tt0093260,0.909090909,25893810
tt2918436,0.8,25799043
tt0103919,0.375,25792310
tt0116367,0.583333333,25753840
tt0088683,0.8,25627836
tt0086066,0.875,25600000
tt0884328,0.866666667,25593755
tt0091306,0.875,25587804
tt0298388,1,25581229
tt1798709,0.9,25568251
tt0209144,1,25544867
tt1175491,0.9,25534493
tt0082495,0.444444444,25533818
tt0379786,0.6,25514517
tt0087800,0.833333333,25504513
tt0119675,0.6,25480490
tt0116225,0.727272727,25477365
tt1220198,0.777777778,25464480
tt0470752,0.75,25442958
tt0094155,0.833333333,25411386
tt1065073,1,25379975
tt0230838,0.833333333,25288103
tt2784678,0.181818182,25277561
tt0082340,0.75,25244700
tt0094631,0.666666667,25216243
tt0119099,0.5,25188006
tt0171580,0.733333333,25167270
tt0104040,1,25105517
tt0087747,0.4,25100000
tt0462322,0.714285714,25031037
tt0102316,1,25010896
tt0053291,0.857142857,25000000
tt0074812,0.857142857,25000000
tt0077681,0.8,25000000
tt0070034,0.25,25000000
tt2402157,1,24984868
tt0065528,0.5625,24911670
tt0115963,0.833333333,24881000
tt0110932,0.545454545,24822619
tt0098724,1,24741700
tt0116282,0.9,24611975
tt0117666,1,24475416
tt0179626,0.785714286,24403552
tt0137363,0.857142857,24362501
tt0109642,1,24361867
tt0252501,1,24185781
tt0399295,0.833333333,24149632
tt1340800,0.846153846,24149393
tt0082089,0.714285714,24058838
tt0114857,0.857142857,24048000
tt0225071,0.8,24044532
tt0362270,1,24006726
tt0078444,0.777777778,24000000
tt1197628,0.7,23993605
tt0090305,1,23834048
tt0088128,0.75,23686027
tt0425112,1,23637265
tt0100212,1,23591472
tt0480255,0.428571429,23580735
tt0395169,0.2,23530892
tt0112571,0.636363636,23450000
tt0082449,0.857142857,23371905
tt0184858,0.666666667,23360779
tt0114814,0.636363636,23341568
tt1921064,0.333333333,23219748
tt0497465,0.875,23216709
tt0106387,0.875,23202734
tt1067774,0.5,23186769
tt0129167,1,23159305
tt0416320,0.875,23089926
tt2209764,0.666666667,23022309
tt0107889,0.818181818,23004026
tt0080365,0.8,23000000
tt0959337,1,22911480
tt0417217,0.727272727,22862049
tt0120601,0.875,22858926
tt0120603,0.142857143,22852487
tt0093822,1,22847564
tt0105585,0.333333333,22660758
tt0387877,0.923076923,22518325
tt0425210,0.583333333,22494487
tt0081207,0.875,22482952
tt0175880,0.814814815,22455976
tt0132512,0.75,22365133
tt0131369,0.777777778,22362500
tt0268126,1,22245861
tt0079638,0.875,22228000
tt0032138,0.888888889,22202612
tt0116191,0.857142857,22201883
tt0097981,0.833333333,22168359
tt0109836,1,22006296
tt0206314,1,21973182
tt0102789,0.5,21760000
tt1935179,0.909090909,21590086
tt0185183,0.6,21471685
tt0098987,0.8,21413502
tt1817273,0.583333333,21383298
tt0816462,0.5,21295021
tt0088814,1,21288692
tt0085382,1,21200000
tt0085333,0.857142857,21200000
tt1458175,0.833333333,21148651
tt0164181,0.888888889,21133087
tt0432283,0.9,21002919
tt0318155,0.857142857,20991364
tt0091867,1,20966644
tt0098258,1,20781385
tt0093300,0.555555556,20763013
tt0418819,0.5,20700082
tt0115857,0.428571429,20550712
tt1034032,0.625,20488579
tt0088936,1,20345261
tt0114436,0.571428571,20302961
tt1430612,0.555555556,20285518
tt0115907,0.888888889,20200000
tt0110737,0.777777778,20042048
tt0120696,0.818181818,19819494
tt0083767,0.75,19733000
tt0109456,0.888888889,19721814
tt0067217,1,19711560
tt0875034,1,19664021
tt0289992,1,19593740
tt0104412,1,19507345
tt0110413,1,19501238
tt0091080,0.777777778,19472057
tt0185014,0.875,19389454
tt0395251,1,19377727
tt0452702,0.75,19363565
tt2364841,0.909090909,19316646
tt0257516,0.75,19297522
tt0067991,0.5,19216000
tt1403981,0.875,19068240
tt0115644,0.666666667,19030691
tt0065462,0.5,18999718
tt0120773,0.857142857,18912328
tt1633356,0.666666667,18872522
tt0094602,0.888888889,18869631
tt3316960,1,18754371
tt0097027,0.875,18671317
tt0142688,1,18661336
tt0053604,0.777777778,18600000
tt0870111,0.875,18593156
tt1853739,1,18474268
tt1058017,0.923076923,18439082
tt0758758,1,18352454
tt1542344,1,18335230
tt0240510,0.857142857,18306166
tt1438176,1,18298649
tt0366551,0.611111111,18225165
tt0435705,0.714285714,18211013
tt0065724,0.666666667,18099091
tt0111686,1,18090181
tt0082533,1,17986000
tt0115986,0.75,17883659
tt0272338,0.857142857,17844216
tt0095271,0.833333333,17768757
tt2080374,0.8,17750583
tt1659337,0.818181818,17738570
tt1772240,1,17686929
tt0092654,0.833333333,17685307
tt1821549,0.9,17654912
tt0119925,0.9,17626234
tt0116830,1,17600000
tt2390361,0.777777778,17536788
tt0118715,0.888888889,17498804
tt0199753,0.833333333,17480890
tt3850214,0.133333333,17474107
tt0963794,0.833333333,17432844
tt0110613,0.8125,17359799
tt0271367,1,17322606
tt1972571,0.888888889,17237244
tt1655460,0.916666667,17225675
tt0102070,0.833333333,17218080
tt0765443,0.625,17114882
tt0128445,0.8,17105219
tt0105128,0.875,17092453
tt0395584,0.631578947,17044981
tt0089424,0.5,17037728
tt0887912,0.666666667,17017811
tt0116095,0.6,17000000
tt2193215,0.666666667,16973715
tt0181984,0.923076923,16938179
tt0139239,0.769230769,16842303
tt0097322,0.857142857,16823529
tt0160484,0.777777778,16779636
tt0116365,0.8,16759216
tt0100814,0.727272727,16667084
tt0163988,0.545454545,16640210
tt0104073,0.444444444,16639799
tt0139668,0.7,16635339
tt0103893,0.9375,16624456
tt0117951,0.888888889,16501785
tt0455960,1,16472961
tt0078902,1,16424918
tt1560747,0.916666667,16377274
tt0101698,1,16371128
tt0120324,1,16311763
tt1625346,0.727272727,16311571
tt0414055,1,16285240
tt0454082,0.888888889,16235293
tt1131734,1,16204793
tt1980929,0.7,16170632
tt0114194,0.875,16115878
tt2334649,0.222222222,16097842
tt0112857,0.2,16030096
tt1091722,0.818181818,16025394
tt0270288,1,16003576
tt0913354,0.555555556,15988876
tt0107254,0.8,15935068
tt0297884,0.777777778,15854988
tt0097737,0.888888889,15704614
tt0099165,0.928571429,15691192
tt0094074,1,15681020
tt0264796,0.933333333,15652637
tt0100485,0.6,15650000
tt0149624,0.666666667,15540353
tt0089469,0.75,15502112
tt0971209,1,15483540
tt0403702,0.75,15281286
tt0059037,0.444444444,15260000
tt0107665,0.9,15185672
tt0142192,0.333333333,15156200
tt0113253,1,15116634
tt0087262,1,15100000
tt0144084,0.916666667,15070285
tt0362478,1,15045676
tt1764234,0.777777778,15026056
tt1931533,0.8,15024049
tt0307479,0.6,14970038
tt0208988,0.888888889,14967182
tt0126886,1,14879556
tt1046947,0.923076923,14879423
tt0166943,0.583333333,14859394
tt0081383,0.833333333,14796236
tt0375154,1,14732623
tt0103976,0.666666667,14683921
tt3170832,0.875,14677654
tt3235888,1,14673301
tt0088930,1,14643997
tt1655420,0.842105263,14600347
tt0087050,0.75,14568989
tt0120157,0.818181818,14567883
tt0093177,1,14564027
tt0100935,0.75,14560247
tt1126590,0.555555556,14479776
tt3316948,0.9,14434604
tt0120834,0.666666667,14378353
tt0118929,0.666666667,14378331
tt0104850,1,14358033
tt0097388,0.75,14343976
tt0091557,0.75,14302779
tt0098663,1,14278900
tt1129445,1,14241034
tt0081455,0.833333333,14225876
tt0093777,0.8,14182492
tt2101441,0.333333333,14123773
tt0082288,0.875,14110013
tt0083833,0.888888889,14100000
tt0363282,1,14018364
tt0279113,1,14015786
tt0787475,0.857142857,13920741
tt0450405,0.8,13838130
tt0864761,0.857142857,13823741
tt0498380,0,13756082
tt1291584,0.7,13657115
tt0088206,0.857142857,13600000
tt0113987,0.875,13560960
tt0365748,0.9,13542874
tt0099703,1,13446769
tt1343727,0.625,13414714
tt0375173,0.5,13399812
tt0109348,0.7,13383737
tt0120646,0.777777778,13376506
tt1967545,1,13362308
tt0478304,1,13303319
tt0113690,0.888888889,13293081
tt0186589,0.785714286,13276953
tt0106453,0.875,13275426
tt0053125,0.428571429,13275000
tt0116905,0.583333333,13269963
tt0244000,0.785714286,13264986
tt0795351,0.875,13248477
tt0995039,0.714285714,13214030
tt0074512,0.875,13200000
tt0211443,0.714285714,13121555
tt0264616,0.8,13103828
tt2582802,0.5,13092000
tt0307901,0.444444444,13060843
tt1172233,0.875,13043363
tt0096256,0.5,13008928
tt0089886,1,13000000
tt0061619,0.888888889,12971000
tt1781769,0.928571429,12816367
tt0144964,0.714285714,12801190
tt1084950,0.625,12796277
tt2125435,0.25,12795746
tt2402927,0.9,12711491
tt0251736,0.833333333,12634962
tt1174732,0.777777778,12574715
tt0770772,0.333333333,12550605
tt0104409,1,12534961
tt0073018,0.5,12484444
tt0384680,1,12482775
tt0102411,0.875,12454768
tt0067927,0,12442673
tt1716777,0.857142857,12412386
tt0119177,0.777777778,12339633
tt0108399,0.857142857,12281500
tt2140379,0.833333333,12276810
tt2935476,1,12229314
tt1228987,0.888888889,12134420
tt1100089,1,12096300
tt0862846,0.846153846,12062558
tt0118842,1,12006514
tt0021884,1,12000000
tt0060397,1,12000000
tt0060490,0.875,12000000
tt0095765,0.6,11990401
tt1232783,0.7,11956207
tt0838221,0.75,11902715
tt0052561,1,11900000
tt0097474,1,11642254
tt0335119,0.75,11634362
tt0108174,0.857142857,11585483
tt0106308,0.75,11502976
tt0083190,1,11492915
tt0110955,0.9,11439193
tt0120824,1,11434216
tt0056869,0.928571429,11403529
tt0104549,0.923076923,11390479
tt0101545,0.75,11336986
tt0107507,0.888888889,11285588
tt1229822,1,11242660
tt0163579,0.714285714,11227940
tt0109045,1,11220670
tt0118956,0.5,11203026
tt0962736,0.923076923,11001272
tt0070518,0.857142857,11000000
tt0218817,0.769230769,10965209
tt0483607,0.9,10955425
tt0100224,1,10873237
tt0151804,0.866666667,10824921
tt1225822,0.769230769,10814185
tt2404181,1,10726630
tt0104348,1,10725228
tt1600196,0.777777778,10724389
tt1502404,0.75,10706786
tt0120669,0.777777778,10680275
tt2515034,0.6,10640645
tt0067588,0.6,10600000
tt0118954,0.75,10569071
tt0157503,0.736842105,10561238
tt0098625,0.888888889,10555348
tt1075747,1,10539414
tt1742334,0.875,10508518
tt0093415,0.75,10489617
tt1188729,0.8,10330853
tt0999913,0.818181818,10324441
tt0118158,0.857142857,10300000
tt0338427,0.666666667,10281585
tt0094008,1,10278549
tt0365929,0.8,10275638
tt1300851,0.933333333,10269307
tt0049470,0.714285714,10250000
tt0110097,0.7,10209111
tt1606392,0.923076923,10179275
tt0089504,1,10179000
tt0421054,0.642857143,10169202
tt0256276,1,10103647
tt0117104,0.857142857,10070000
tt0093209,0.875,10021120
tt3722070,1,10017675
tt0024216,0.5,10000000
tt0073440,0.75,9984123
tt0088846,0.833333333,9929135
tt0124198,0.875,9801782
tt1120985,1,9737892
tt0081534,1,9709597
tt0266489,0.7,9692135
tt0258153,0.875,9680913
tt0031679,0.8,9600000
tt0047296,0.5,9600000
tt0106664,0.75,9579068
tt0103939,1,9493259
tt0037884,0.714285714,9460000
tt1176740,0.777777778,9451946
tt0857191,0.454545455,9422422
tt0114852,0.7,9417567
tt0462200,0.363636364,9396870
tt0287467,0.5,9284265
tt0119280,1,9217930
tt0084675,1,9217530
tt1019452,0.8,9190525
tt0203230,1,9180275
tt1194263,1,9176553
tt1315981,0.714285714,9166863
tt0094964,1,9134733
tt0068408,0.75,9000000
tt0113409,0.8,8946600
tt1532958,0.428571429,8888355
tt0118636,0.75,8838938
tt0098524,0.666666667,8742750
tt0891592,0.444444444,8742261
tt0324127,1,8725813
tt0067525,0.5,8720000
tt3464902,1,8699235
tt0091474,0.909090909,8620929
tt0090756,0.857142857,8551228
tt0086423,0.833333333,8443124
tt0086336,0.833333333,8400000
tt0266452,0.666666667,8355815
tt0114478,0.416666667,8349430
tt0189998,1,8293784
tt0094761,0.888888889,8247943
tt0318374,1,8243880
tt0113972,0.666666667,8169363
tt2209418,0.857142857,8114627
tt1791528,0.764705882,8110975
tt0106677,1,7993039
tt0114558,0.8,7919000
tt1764183,0.75,7918283
tt0106873,0.615384615,7852653
tt0119349,0.882352941,7837632
tt0439815,1,7774730
tt0780536,1,7757130
tt0095497,1,7630564
tt3045616,0.833333333,7605668
tt2091473,0.9,7597898
tt1791682,0.888888889,7574066
tt0113243,0.727272727,7564000
tt0317248,0,7563397
tt0089346,0.75,7562164
tt0458522,0.333333333,7556004
tt1423894,0.818181818,7502560
tt0401445,0.875,7458269
tt1336617,1,7455447
tt0091499,0.666666667,7433663
tt3236120,0.777777778,7425963
tt0113540,0.75,7417210
tt0367089,1,7362100
tt0166110,0.222222222,7307756
tt0038650,0.785714286,7270000
tt0108065,0.714285714,7266383
tt0166924,0.823529412,7220243
tt2403021,0.857142857,7192291
tt0103594,0.692307692,7191399
tt0081568,0.571428571,7063886
tt0180073,1,7060876
tt4270516,0.75,6980421
tt0120202,1,6920692
tt1477837,0.714285714,6857503
tt1714206,0.555555556,6851969
tt1748227,0.888888889,6842058
tt0114084,0.3125,6834525
tt1244754,0.923076923,6783129
tt0478134,0.75,6777741
tt0167456,0.833333333,6768055
tt2582496,0.625,6743776
tt1602620,1,6739492
tt0120586,0.785714286,6719864
tt1174730,0.857142857,6670712
tt0120399,0.916666667,6633400
tt1307068,0.727272727,6619173
tt0824758,1,6616974
tt0292644,0.615384615,6532619
tt1399683,1,6531503
tt0108149,0.727272727,6410676
tt0102494,0.6,6401336
tt0120684,1,6390032
tt0804497,0.615384615,6350058
tt0081184,1,6342668
tt0366627,0.833333333,6303762
tt0118564,1,6302154
tt0102753,1,6266621
tt0086856,0.75,6254148
tt0162346,0.882352941,6217849
tt0159382,0.833333333,6198916
tt0101410,0.777777778,6153939
tt0083908,0.833333333,6110000
tt0202677,0.777777778,6055661
tt0975645,0.9,6008677
tt0305206,0.7,6003587
tt1866249,0.7,6002451
tt0401383,0.8,5990075
tt0119381,0.9,5936344
tt0091203,0.636363636,5900000
tt0085859,0.8,5895761
tt0109707,0.857142857,5887457
tt2132285,0.75,5841046
tt0088993,0.666666667,5804262
tt0381681,1,5792822
tt1532503,0.571428571,5790894
tt0118900,0.692307692,5790448
tt2937898,0.6,5749134
tt0099740,1,5728953
tt0036775,0.875,5720000
tt0118531,0.428571429,5716080
tt0086510,0.666666667,5696391
tt1032755,0.538461538,5694401
tt0405296,0.666666667,5501616
tt0404203,1,5463019
tt0166276,0.4,5411999
tt0090021,1,5400000
tt0308383,0.642857143,5381227
tt1540133,0.9,5359774
tt1772288,0.9,5348317
tt0087843,0.888888889,5321508
tt0227005,0.5,5308707
tt0369226,0.545454545,5178569
tt0913425,1,5014305
tt1182345,1,5009677
tt0073092,1,5000000
tt0083967,0.866666667,5000000
tt0188453,0.833333333,4919896
tt0077474,0.666666667,4905000
tt0097240,1,4729352
tt3077214,0.909090909,4693356
tt0427470,0.9,4600585
tt0800240,1,4597760
tt0491747,0.8,4571521
tt1706620,0.777777778,4563650
tt0140397,0.933333333,4554569
tt0117802,0.75,4505922
tt1521197,0.933333333,4463292
tt0810784,1,4444637
tt1172991,0.916666667,4439063
tt0360009,0.75,4434432
tt2235108,0.416666667,4404154
tt0046534,0.666666667,4360000
tt0081150,0.8,4309490
tt0113101,0.764705882,4301331
tt1588334,0.571428571,4244155
tt2350496,0.2,4231500
tt0165710,0.764705882,4217115
tt1234654,1,4216789
tt0105665,0.909090909,4160851
tt0108330,0.888888889,4104962
tt0104804,0.833333333,4096030
tt0878835,0.666666667,4033268
tt0254099,1,4013506
tt1862079,0.7,4010957
tt1723811,0.666666667,4000304
tt0804516,0.75,3992339
tt2473794,1,3958546
tt0423977,0.75,3950294
tt0443680,0.909090909,3904982
tt0120735,0.933333333,3897569
tt0094919,0.833333333,3813293
tt0115736,0.5,3798532
tt0116922,1,3796699
tt0097243,0.8,3766879
tt0180093,0.777777778,3635482
tt0371257,1,3626883
tt2234003,1,3593460
tt2870708,0.625,3588432
tt1017451,0.75,3571735
tt0087995,0.4,3569083
tt0844286,0.857142857,3519627
tt0095250,0.888888889,3500000
tt3062976,0.714285714,3446820
tt0077405,1,3446749
tt0093605,0.857142857,3369307
tt0364955,0.909090909,3296916
tt1837703,1,3254172
tt0120255,0.888888889,3252652
tt0138704,0.75,3216970
tt1431181,1,3205706
tt0052357,1,3200000
tt0165854,0.777777778,3193102
tt0109445,0.714285714,3151130
tt3011894,0.5,3107072
tt1405365,0.833333333,3094687
tt0383028,1,3081925
tt0110005,0.666666667,3049135
tt0079268,1,3000000
tt3416744,1,2993669
tt1441326,0.888888889,2981638
tt0115632,0.818181818,2961991
tt0111149,1,2881508
tt0110074,1,2869369
tt0120907,1,2840417
tt0105236,0.666666667,2832029
tt0105159,0.6,2827107
tt0104990,0.75,2819485
tt0455538,0.888888889,2778752
tt0097438,0.75,2777280
tt1531663,0.666666667,2711210
tt1023114,0.875,2701859
tt3312830,0.666666667,2698509
tt0116768,1,2653000
tt0093223,0,2585639
tt3859076,1,2541554
tt0102511,1,2541541
tt1127715,0,2534351
tt0978759,0.8,2508841
tt0105226,1,2502551
tt0085794,0.6,2500000
tt0087054,0.666666667,2490233
tt2872462,0.777777778,2461121
tt0066434,0.625,2437000
tt1596345,0.714285714,2436062
tt1334260,1,2434652
tt0097334,0.5,2420917
tt0107302,0.8,2395231
tt1226774,0.941176471,2384044
tt0043014,0.75,2350000
tt1012804,0.454545455,2344847
tt2639344,0.692307692,2252580
tt0052311,0.8,2237659
tt0935075,0.833333333,2229058
tt0215545,0.333333333,2185266
tt0114938,1,2167808
tt0086979,1,2150000
tt0113749,1,2122561
tt0129332,1,2060953
tt0393109,0.6,2060589
tt0104815,0,2040920
tt1045772,0.625,2035566
tt0045943,0.777777778,2021000
tt0103759,1,2000022
tt1726669,0.833333333,1987762
tt0120906,1,1980338
tt0047849,0.818181818,1966000
tt0757361,0.75,1959420
tt0097289,0.846153846,1932642
tt3442006,0.8,1873547
tt3569230,0.875,1872994
tt1029120,0.857142857,1836515
tt1441953,0.785714286,1822030
tt3099498,0.75,1821983
tt0106471,1,1796389
tt1423995,1,1796024
tt1242460,0.8,1738692
tt1675192,0.818181818,1729969
tt0106834,0.6875,1710000
tt0033467,0.714285714,1585634
tt0106379,0.727272727,1519366
tt0066249,0.857142857,1500000
tt3172532,1,1477002
tt1266029,1,1445366
tt1969062,0.666666667,1428647
tt2692904,1,1361423
tt0122529,0.666666667,1338335
tt2404461,0.5,1330596
tt0173716,0.75,1284646
tt1592281,0.666666667,1237514
tt0022958,0.636363636,1235000
tt1700845,0.857142857,1234254
tt0110604,0.75,1204430
tt0238380,0.833333333,1203974
tt0031725,0.428571429,1187000
tt0100791,0,1161135
tt1645131,0.727272727,1161089
tt0113677,1,1148752
tt1121977,0.529411765,1110286
tt2345737,1,1109199
tt0097493,0.833333333,1108462
tt0434541,0.5,1107148
tt1371155,1,1094798
tt0990413,0.428571429,1081922
tt0115710,0.857142857,1075288
tt0335563,1,1060512
tt0102181,0.875,1059071
tt0102307,0.9,1050861
tt1313092,0.857142857,1044039
tt1311071,0.818181818,1029949
tt1462758,0.8,1028658
tt2370248,0.5,1010414
tt0109450,0.6,1007583
tt1321860,1,970816
tt0070334,1,959000
tt2321549,0.5,924279
tt0104627,0.875,923418
tt0250081,0.866666667,912442
tt0099291,0.714285714,847306
tt1602613,0.25,778565
tt0235737,1,764554
tt0106447,1,764083
tt1233334,0,758099
tt1372686,0.818181818,756452
tt1480656,0.5,743636
tt0120238,0.875,726207
tt0113537,1,704543
tt0219822,1,695876
tt0065214,0.571428571,638641
tt3704050,1,637555
tt0276816,0.9,605562
tt1486190,0.727272727,560101
tt0115734,0.714285714,560069
tt0118647,0.875,540063
tt1278379,0.8,538808
tt1586752,0.8,538690
tt0123755,0.8,501818
tt1226271,0.818181818,449558
tt0041959,0.5,449191
tt0387808,0.857142857,438653
tt0110265,0.714285714,418953
tt0803057,1,406252
tt0247199,0.875,406035
tt0453548,1,402820
tt1403177,0.888888889,382946
tt2063781,0.666666667,375981
tt0787523,0.833333333,371446
tt2172584,0.909090909,347648
tt0974014,1,340611
tt2980592,0.888888889,322600
tt1512235,0.857142857,322157
tt1656186,1,304318
tt1341167,0.375,304137
tt0405336,0.555555556,275380
tt0047478,0,269061
tt0829193,0.125,267880
tt0112887,0.25,259319
tt1228953,0.5,234422
tt3205376,0.666666667,229094
tt1465522,0.875,223838
tt2333804,0.833333333,219438
tt0120618,0.714285714,175370
tt0401815,0.428571429,167723
tt1528071,0.866666667,164480
tt0422401,0.6,155873
tt2349144,0.857142857,129747
tt0425055,0.875,103626
tt1220888,0.769230769,101882
tt1294688,0.857142857,98986
tt0417385,0.916666667,95687
tt1242432,0.875,93051
tt1196956,0.75,89722
tt0054167,1,83957
tt1365050,0,83861
tt1211890,0.125,78030
tt1763264,1,72140
tt0402057,1,66851
tt0790712,0.666666667,66637
tt0810988,1,62745
tt1270835,0.571428571,62000
tt3640682,0.625,57678
tt0898367,0.75,56692
tt0058946,1,55908
tt0426459,0.875,54556
tt1748179,0.909090909,52624
tt0857295,1,50000
tt0081398,0.857142857,49034
tt0425253,1,48913
tt0252503,0.6,47239
tt0466893,0.80952381,46495
tt0361127,0.6,40601
tt1588398,1,37710
tt2567712,0.625,34100
tt0070379,0.8,32645
tt2488778,0.714285714,27166
tt0266987,0.714285714,26871
tt0144117,0.888888889,25812
tt0360130,1,24947
tt0486051,1,20146
tt0317640,0.666666667,19539
tt0822849,0.833333333,18718
tt2140619,0.625,15600
tt0058414,0,12438
tt0040525,1,7927
tt0421090,0.833333333,7013
tt1691920,0.9,4795
tt0210070,0.875,2554
